country,variable,coefficient,std_error,t_stat,p_value,significant_5pct
Hungary,lerf,0.1920482971410529,0.05808604934183295,3.306272320413118,0.0009454615193140725,True
Czechia,lerf,0.31942960457987013,0.07029826882527963,4.543918504931967,5.521801303975948e-06,True
Poland,lerf,-0.007992696867864088,0.041858749736265015,-0.1909444720213295,0.8485690974866267,False
Romania,lerf,-0.4178064336641665,0.15740323751646915,-2.654370013326132,0.007945664611071601,True
Bulgaria,lerf,0.6839487762726012,0.11369572223434504,6.01560694484946,1.7921393258291118e-09,True
Greece,lerf,-0.16355206020126706,0.057086811575873385,-2.8649710097032135,0.004170474205759556,True
